Origin,Hokkaido,Aomori,Iwate,Miyagi,Akita,Yamagata,Fukushima,Ibaraki,Tochigi,Gunma,Saitama,Chiba,Tokyo,Kanagawa,Niigata,Toyama,Ishikawa,Fukui,Yamanashi,Nagano,Gifu,Shizuoka,Aichi,Mie,Shiga,Kyoto,Osaka,Hyogo,Nara,Wakayama,Tottori,Shimane,Okayama,Hiroshima,Yamaguchi,Tokushima,Kagawa,Ehime,Kochi,Fukuoka,Saga,Nagasaki,Kumamoto,Oita,Miyazaki,Kagoshima,Okinawa
Hokkaido,-,1431,706,1919,509,411,717,1574,826,739,4293,4582,13948,6206,634,305,430,152,359,761,409,1328,2524,462,406,1110,3000,1326,277,242,111,100,337,642,272,113,213,339,155,1571,190,390,498,320,302,570,1109
Aomori,1707,-,1550,2863,751,345,519,441,266,205,1420,1253,3403,1905,225,49,120,48,79,133,96,287,431,77,59,183,378,172,44,19,24,31,51,130,89,34,30,45,18,220,20,74,62,51,141,113,182
Iwate,894,1526,-,4315,803,452,655,429,301,210,1300,1167,2985,1468,187,62,92,18,107,119,97,258,506,191,57,141,359,202,35,16,14,11,53,97,34,18,31,46,17,199,14,28,72,43,24,59,90
Miyagi,1952,1874,3084,-,1385,2402,3406,939,892,457,3628,2938,8935,3945,559,136,258,60,148,324,156,720,1290,175,175,416,1383,611,92,50,21,54,145,311,85,34,73,85,34,744,50,100,170,85,82,118,306
Akita,577,776,939,2322,-,525,399,239,246,141,919,865,2361,999,301,66,76,22,45,129,57,149,358,61,54,99,242,126,26,18,23,16,36,55,27,9,27,24,7,105,9,26,31,14,29,52,58
Yamagata,536,309,424,3495,418,-,1013,362,331,193,1058,929,2736,1347,674,50,77,36,77,140,65,215,373,68,57,136,289,110,23,15,4,12,39,74,32,15,20,27,10,114,25,43,40,21,18,53,79
Fukushima,725,496,566,4435,370,864,-,1827,1524,511,2852,2125,5549,2650,730,93,196,86,130,249,123,434,613,170,107,204,616,320,63,26,22,37,97,141,44,42,69,56,28,231,30,67,95,82,58,80,152
Ibaraki,1573,389,331,989,199,323,1590,-,3989,1938,7524,11557,12694,5859,578,183,244,148,381,763,334,1050,1589,395,259,501,1323,814,148,108,35,118,318,394,235,88,157,121,88,828,83,132,297,157,199,241,379
Tochigi,745,192,283,876,151,247,994,3873,-,3096,6320,2734,7636,3713,447,156,184,66,279,528,202,754,1232,331,189,318,842,449,66,44,33,99,143,228,100,39,73,64,46,443,69,95,152,104,65,116,248
Gunma,592,141,164,437,107,174,470,1600,2957,-,8623,2333,7271,3210,903,204,216,101,253,1086,246,816,1273,284,254,291,810,466,110,63,32,49,152,168,68,55,84,76,46,411,40,69,186,113,74,148,233
Saitama,3651,972,851,2370,543,649,1695,6259,4951,7411,-,16521,66159,16859,1975,517,749,234,1016,2576,869,2922,4465,831,663,1316,4916,2052,401,205,174,286,631,1112,421,200,344,432,170,2930,345,425,800,430,418,687,1493
Chiba,4768,919,989,2186,630,692,1676,10451,2846,2399,17732,-,54170,18527,1552,597,687,276,1069,2008,814,3097,4616,901,615,1324,5446,2442,517,271,204,218,828,1199,583,267,408,558,250,3064,608,580,739,544,547,955,1643
Tokyo,10654,2180,1922,5655,1472,1663,3375,9879,5981,6165,71169,54942,-,87758,4167,1641,2015,799,3717,6607,2056,8985,13732,1877,1691,6089,20207,8125,1501,756,608,802,2171,4125,1504,686,1385,1589,860,11108,849,1652,2395,1470,1442,2426,4772
Kanagawa,5043,1417,1028,2628,729,806,1779,4564,3049,2603,15791,16349,88983,-,1791,674,969,373,1922,3059,1065,7777,7450,1159,1011,2283,8027,4179,699,330,236,359,1016,2360,853,352,647,660,323,5063,424,1162,1083,756,829,1322,2404
Niigata,645,133,143,685,185,474,577,642,475,1222,3214,1995,6758,3204,-,658,663,151,190,1275,178,459,940,156,134,320,881,419,100,51,40,12,122,163,76,48,54,55,32,382,36,58,76,54,52,90,222
Toyama,287,36,50,143,34,83,93,238,141,218,809,798,2464,1104,648,-,2205,493,79,424,420,341,1451,188,220,400,977,423,85,30,19,50,122,118,64,27,39,37,19,225,22,34,48,43,49,36,72
Ishikawa,475,80,73,251,59,59,83,320,189,251,930,838,3175,1427,595,2037,-,1120,121,503,406,516,2156,322,459,693,1677,668,168,45,27,77,143,243,82,39,87,89,46,380,24,59,75,88,61,92,142
Fukui,162,44,18,54,17,22,77,153,145,115,429,462,1565,624,173,540,1465,-,42,166,317,323,1254,217,496,830,1493,549,112,61,31,44,74,112,55,13,34,39,25,165,22,41,49,28,30,48,84
Yamanashi,290,54,74,139,38,40,116,328,249,258,1201,937,4704,2204,171,71,100,28,-,887,127,1078,671,119,82,170,396,214,44,26,13,30,76,77,58,30,46,58,20,219,30,44,97,53,48,66,157
Nagano,704,99,123,314,96,115,190,680,496,1232,2902,1972,7582,3330,1169,396,451,162,961,-,860,1076,2970,296,253,496,1239,542,116,77,40,80,148,258,94,54,83,96,41,399,64,93,157,80,97,180,273
Gifu,460,72,61,144,40,46,116,338,193,265,1015,948,3561,1665,184,516,487,289,180,705,-,1241,15999,1514,722,630,1768,792,158,102,48,85,201,279,166,68,99,150,65,473,47,112,113,81,94,134,271
Shizuoka,1280,257,205,655,157,164,327,1082,890,758,3503,3414,12280,9950,487,328,454,279,1116,958,1111,-,10352,1063,567,1081,2835,1325,313,156,121,172,343,555,241,147,201,222,100,1117,152,218,334,200,269,279,569
Aichi,2746,432,386,1082,269,287,593,1423,1193,1138,5367,5406,20087,9446,717,1276,1757,1061,622,2718,14247,9645,-,8939,2585,2900,10164,4305,984,479,259,386,970,1572,647,295,518,538,279,3712,386,687,854,561,615,903,1601
Mie,503,59,348,207,29,45,108,358,371,279,1126,1057,2939,1762,116,249,407,184,137,331,1507,1178,10975,-,996,980,3640,1236,843,392,72,83,250,433,162,60,123,139,67,489,78,124,203,163,99,181,346
Shiga,366,38,94,116,26,36,90,241,190,153,739,712,2551,1362,111,190,376,440,82,276,797,493,2474,865,-,4782,5995,2112,482,230,70,134,295,409,161,82,151,140,68,527,79,116,169,132,112,163,217
Kyoto,991,161,117,326,55,79,133,505,281,226,1472,1609,7696,2989,269,311,427,616,156,510,557,939,2691,732,5808,-,17368,5117,2126,491,232,290,727,957,316,280,385,381,217,1338,143,337,384,251,195,430,562
Osaka,2742,246,307,1030,202,213,440,1365,815,729,5409,6405,26284,9631,688,750,1216,937,338,1156,1362,2296,9054,2786,5276,13161,-,31591,9500,4257,786,875,3068,3509,1127,1173,1562,1621,868,5846,426,804,1161,856,968,1465,2264
Hyogo,1302,180,155,516,85,85,235,833,480,430,2601,3169,12325,5124,294,342,492,413,225,575,717,1260,4282,962,2036,5085,33926,-,1742,1021,727,551,2307,2128,659,861,1040,910,545,2633,248,477,624,432,375,628,994
Nara,289,46,28,81,32,19,49,158,93,119,527,638,2347,906,76,92,141,82,63,145,186,310,957,670,599,2194,9533,1781,-,555,65,67,217,253,100,106,110,109,64,445,29,84,91,86,90,105,226
Wakayama,155,26,12,51,10,13,54,102,68,67,324,345,1262,465,46,50,55,74,21,101,128,196,574,390,252,696,5744,1101,521,-,42,30,122,150,76,92,78,74,56,233,27,59,75,59,55,72,95
Tottori,140,16,19,53,9,12,27,91,38,37,283,240,1011,390,40,28,54,30,24,54,51,121,334,47,85,372,1352,967,70,33,-,1093,761,803,214,65,97,99,55,269,18,47,64,46,46,55,49
Shimane,106,26,20,49,17,10,22,141,78,65,290,328,1079,450,49,37,69,64,36,53,112,173,497,104,163,344,1225,699,78,35,1158,-,698,2055,570,60,102,116,38,474,44,68,65,66,34,86,87
Okayama,387,44,55,188,33,37,72,332,211,180,855,929,3574,1608,170,120,128,107,58,151,252,470,1321,277,401,1074,4358,3392,286,135,685,641,-,4302,739,351,1281,817,384,1446,137,174,261,208,209,229,237
Hiroshima,631,202,118,341,37,78,127,469,333,226,1556,1781,7016,3294,155,140,215,122,139,276,292,664,2226,373,550,1277,5473,3031,274,186,706,1920,4575,-,4123,371,913,1694,285,3694,279,632,713,458,259,525,488
Yamaguchi,268,67,24,102,19,28,57,253,108,133,636,832,2339,1229,81,62,110,43,56,112,150,446,769,175,225,430,1650,949,138,63,205,404,821,4213,-,165,234,286,74,5160,244,442,436,496,248,313,361
Tokushima,164,15,19,40,4,6,19,115,64,64,235,376,1176,511,47,39,35,18,29,88,86,169,400,87,147,400,1898,1204,121,83,48,70,389,377,141,-,1251,572,388,264,43,77,70,55,29,71,98
Kagawa,164,35,28,83,11,9,58,131,90,59,525,575,2071,847,69,36,66,38,35,94,78,200,602,164,177,534,2333,1467,150,72,79,96,1405,914,264,1146,-,1592,666,600,50,114,125,90,69,105,170
Ehime,327,59,49,124,20,19,64,175,136,113,619,785,2596,1022,52,48,81,27,58,108,137,294,814,202,251,558,2553,1398,152,125,108,120,950,1916,381,623,1977,-,1051,857,80,127,222,255,105,160,196
Kochi,88,38,11,49,11,6,14,92,56,60,291,365,1333,509,35,19,43,26,26,87,79,115,371,103,98,322,1556,799,123,57,82,80,516,381,99,444,917,966,-,326,33,49,89,67,46,81,88
Fukuoka,1537,213,140,582,96,116,268,912,522,480,3509,3901,14955,5932,323,166,297,152,203,426,452,1057,3948,555,528,1556,6861,2973,441,184,260,384,1042,2877,3378,179,440,580,211,-,6275,5685,7295,5815,2913,4155,2543
Saga,146,17,18,38,21,16,27,121,65,59,344,357,1316,598,65,24,34,23,34,81,59,114,480,74,94,187,646,300,52,16,18,37,109,270,211,28,51,63,31,7115,-,1504,878,441,199,374,230
Nagasaki,418,107,42,128,38,60,70,217,138,95,655,787,2471,1447,75,56,84,44,63,133,105,337,782,143,136,392,1195,687,95,38,50,60,197,666,434,65,92,112,46,8057,1836,-,1401,629,370,911,624
Kumamoto,529,31,71,172,21,58,59,313,204,162,941,883,3449,1611,95,79,81,50,92,135,139,342,1077,216,163,426,1489,652,98,64,43,78,230,613,362,77,126,135,86,8484,799,1257,-,1368,1196,2127,573
Oita,255,26,32,73,13,24,59,167,71,102,540,663,2218,951,61,41,67,31,40,103,107,224,675,181,100,316,1049,517,107,47,41,66,186,512,464,44,74,221,55,7076,505,827,1561,-,874,579,329
Miyazaki,261,48,19,159,20,6,59,196,124,116,569,640,2274,1136,54,33,66,30,56,106,115,200,700,103,133,308,1043,497,90,45,38,47,152,243,302,45,50,82,54,3952,263,371,1531,968,-,2404,379
Kagoshima,529,65,50,106,32,28,95,344,144,201,876,1046,3406,1649,101,43,86,40,85,182,188,302,1096,165,256,482,1877,874,127,77,54,75,231,479,322,59,117,122,62,6049,401,837,2435,621,2597,-,804
Okinawa,892,207,89,270,46,55,122,411,243,263,1402,1760,5149,2615,181,72,151,69,127,320,258,505,1512,278,208,623,2200,954,195,89,73,90,248,443,314,106,155,163,79,3016,258,579,647,362,432,827,-
