年,出発地,到着地,金額（千円）
2021,日本,中華人民共和国,17984372460
2021,中華人民共和国,日本,20381814408
2021,日本,アメリカ合衆国,14831507172
2021,アメリカ合衆国,日本,8915629454
2021,日本,台湾,5988083903
2021,台湾,日本,3678193119
2021,日本,大韓民国,5769570652
2021,大韓民国,日本,3521261492
2021,日本,オーストラリア,1674531082
2021,オーストラリア,日本,5753335442
2021,日本,タイ,3624600370
2021,タイ,日本,2893123001
2021,日本,ベトナム,2096808278
2021,ベトナム,日本,2525535453
2021,日本,アラブ首長国連邦,771682876
2021,アラブ首長国連邦,日本,2977971081
2021,日本,香港,3890409000
2021,香港,日本,120201172
2021,日本,ドイツ,2279052822
2021,ドイツ,日本,2602954296
2021,日本,マレーシア,1713690830
2021,マレーシア,日本,2166397146
2021,日本,サウジアラビア,488938294
2021,サウジアラビア,日本,3019350982
2021,日本,インドネシア,1465403083
2021,インドネシア,日本,2156941495
2021,日本,シンガポール,2200638355
2021,シンガポール,日本,973713827
2021,日本,インド,1411066105
2021,インド,日本,674395271
2021,日本,カナダ,916910498
2021,カナダ,日本,1506506359
2021,日本,フィリピン,1219676231
2021,フィリピン,日本,1196764374
2021,日本,メキシコ,1189549875
2021,メキシコ,日本,634751338
2021,日本,フランス,730915152
2021,フランス,日本,1279235289
2021,日本,イタリア,549215410
2021,イタリア,日本,1280876715
2021,日本,オランダ,1381753705
2021,オランダ,日本,357762179
2021,日本,スイス,483562239
2021,スイス,日本,921541875
2021,日本,ブラジル,459618039
2021,ブラジル,日本,1082532993
2021,日本,チリ,203078475
2021,チリ,日本,854742809
2021,日本,ベルギー,789669752
2021,ベルギー,日本,700556473
2021,日本,南アフリカ共和国,259266584
2021,南アフリカ共和国,日本,1110878998
2021,日本,カタール,101143873
2021,カタール,日本,1276967083
2021,日本,アイルランド,110927101
2021,アイルランド,日本,747183898
2021,日本,クウェート,161847785
2021,クウェート,日本,727317907
2021,日本,ロシア,862299388
2021,ロシア,日本,1551642673
2022,日本,中華人民共和国,19003740809
2022,中華人民共和国,日本,24849747648
2022,日本,アメリカ合衆国,18255029623
2022,アメリカ合衆国,日本,11758919345
2022,日本,台湾,6857450974
2022,台湾,日本,5109420841
2022,日本,大韓民国,7106164634
2022,大韓民国,日本,4416702703
2022,日本,オーストラリア,2172669963
2022,オーストラリア,日本,11622476708
2022,日本,タイ,4268020696
2022,タイ,日本,3503441157
2022,日本,ベトナム,2450960815
2022,ベトナム,日本,3479418175
2022,日本,アラブ首長国連邦,1115528891
2022,アラブ首長国連邦,日本,6072322235
2022,日本,香港,4357467944
2022,香港,日本,134669020
2022,日本,ドイツ,2570214910
2022,ドイツ,日本,2993987531
2022,日本,マレーシア,2166289268
2022,マレーシア,日本,3431201678
2022,日本,サウジアラビア,667791836
2022,サウジアラビア,日本,5647162611
2022,日本,インドネシア,1979146703
2022,インドネシア,日本,3772006588
2022,日本,シンガポール,2934927985
2022,シンガポール,日本,1294945598
2022,日本,インド,1831444250
2022,インド,日本,852469731
2022,日本,カナダ,1131972276
2022,カナダ,日本,2175195788
2022,日本,フィリピン,1597465399
2022,フィリピン,日本,1428014806
2022,日本,メキシコ,1441228988
2022,メキシコ,日本,845497750
2022,日本,フランス,839940969
2022,フランス,日本,1339801276
2022,日本,イタリア,697820796
2022,イタリア,日本,1564858729
2022,日本,オランダ,1627204362
2022,オランダ,日本,451787886
2022,日本,スイス,544741240
2022,スイス,日本,1060597164
2022,日本,ブラジル,567386011
2022,ブラジル,日本,1460076024
2022,日本,チリ,301029654
2022,チリ,日本,997208425
2022,日本,ベルギー,919033454
2022,ベルギー,日本,922502958
2022,日本,南アフリカ共和国,308996954
2022,南アフリカ共和国,日本,1315184329
2022,日本,カタール,163994603
2022,カタール,日本,1780248124
2022,日本,アイルランド,326888227
2022,アイルランド,日本,863847564
2022,日本,クウェート,208216723
2022,クウェート,日本,1323086493
2022,日本,ロシア,603961482
2022,ロシア,日本,1971805002
2023,日本,中華人民共和国,17763903812
2023,中華人民共和国,日本,24424201780
2023,日本,アメリカ合衆国,20260168566
2023,アメリカ合衆国,日本,11555413633
2023,日本,台湾,6016166322
2023,台湾,日本,5000424768
2023,日本,大韓民国,6581861782
2023,大韓民国,日本,4361659247
2023,日本,オーストラリア,2355903899
2023,オーストラリア,日本,9097235598
2023,日本,タイ,4114663871
2023,タイ,日本,3609472419
2023,日本,ベトナム,2417121778
2023,ベトナム,日本,3626295628
2023,日本,アラブ首長国連邦,1466149107
2023,アラブ首長国連邦,日本,5192557238
2023,日本,香港,4578605888
2023,香港,日本,213750883
2023,日本,ドイツ,2716854820
2023,ドイツ,日本,3151976990
2023,日本,マレーシア,1957911592
2023,マレーシア,日本,2825977817
2023,日本,サウジアラビア,892422260
2023,サウジアラビア,日本,4872987864
2023,日本,インドネシア,2025069768
2023,インドネシア,日本,3415054030
2023,日本,シンガポール,2631230152
2023,シンガポール,日本,1208593487
2023,日本,インド,2235195761
2023,インド,日本,789258811
2023,日本,カナダ,1536586199
2023,カナダ,日本,2037988599
2023,日本,フィリピン,1423495471
2023,フィリピン,日本,1452275288
2023,日本,メキシコ,1839711933
2023,メキシコ,日本,799281155
2023,日本,フランス,981482493
2023,フランス,日本,1502006659
2023,日本,イタリア,851759729
2023,イタリア,日本,1727612697
2023,日本,オランダ,1887106307
2023,オランダ,日本,473614199
2023,日本,スイス,749252568
2023,スイス,日本,1187357445
2023,日本,ブラジル,595383044
2023,ブラジル,日本,1552088106
2023,日本,チリ,286054081
2023,チリ,日本,1084993320
2023,日本,ベルギー,897927507
2023,ベルギー,日本,514052203
2023,日本,南アフリカ共和国,352502030
2023,南アフリカ共和国,日本,1021810735
2023,日本,カタール,197237271
2023,カタール,日本,1289065401
2023,日本,アイルランド,246229522
2023,アイルランド,日本,934921416
2023,日本,クウェート,273312162
2023,クウェート,日本,1282018508
2023,日本,ロシア,395552230
2023,ロシア,日本,1033199138
2024,日本,中華人民共和国,18862458206
2024,中華人民共和国,日本,25313194657
2024,日本,アメリカ合衆国,21294777785
2024,アメリカ合衆国,日本,12685266218
2024,日本,台湾,6867898328
2024,台湾,日本,4623508597
2024,日本,大韓民国,7025292909
2024,大韓民国,日本,4761528859
2024,日本,オーストラリア,2418837869
2024,オーストラリア,日本,8015522710
2024,日本,タイ,4021900075
2024,タイ,日本,3738339691
2024,日本,ベトナム,2585181715
2024,ベトナム,日本,4053399764
2024,日本,アラブ首長国連邦,1926258996
2024,アラブ首長国連邦,日本,5577598253
2024,日本,香港,5440209813
2024,香港,日本,275920120
2024,日本,ドイツ,2629902551
2024,ドイツ,日本,3248860953
2024,日本,マレーシア,2108518088
2024,マレーシア,日本,2884780590
2024,日本,サウジアラビア,917769779
2024,サウジアラビア,日本,4516057309
2024,日本,インドネシア,1965254821
2024,インドネシア,日本,3541135587
2024,日本,シンガポール,3004935080
2024,シンガポール,日本,1157170872
2024,日本,インド,2604661814
2024,インド,日本,974097364
2024,日本,カナダ,1689383168
2024,カナダ,日本,1979029869
2024,日本,フィリピン,1510246172
2024,フィリピン,日本,1434958252
2024,日本,メキシコ,1858141277
2024,メキシコ,日本,895654818
2024,日本,フランス,1002786568
2024,フランス,日本,1702994908
2024,日本,イタリア,764733462
2024,イタリア,日本,1866029997
2024,日本,オランダ,1741979203
2024,オランダ,日本,559579122
2024,日本,スイス,901251918
2024,スイス,日本,1249324678
2024,日本,ブラジル,702402733
2024,ブラジル,日本,1481155990
2024,日本,チリ,249741092
2024,チリ,日本,1273237518
2024,日本,ベルギー,883006996
2024,ベルギー,日本,508150063
2024,日本,南アフリカ共和国,318245656
2024,南アフリカ共和国,日本,886074626
2024,日本,カタール,248171691
2024,カタール,日本,1076522983
2024,日本,アイルランド,230196908
2024,アイルランド,日本,896435759
2024,日本,クウェート,276047980
2024,クウェート,日本,1117774353
2024,日本,ロシア,327662267
2024,ロシア,日本,859994146
2025,日本,中華人民共和国,18778014976
2025,中華人民共和国,日本,26699859835
2025,日本,アメリカ合衆国,20374426230
2025,アメリカ合衆国,日本,12910220950
2025,日本,台湾,7907014313
2025,台湾,日本,5001712992
2025,日本,大韓民国,6958172331
2025,大韓民国,日本,4505405384
2025,日本,オーストラリア,2236568008
2025,オーストラリア,日本,6802049281
2025,日本,タイ,4215329254
2025,タイ,日本,3814133488
2025,日本,ベトナム,2821529258
2025,ベトナム,日本,4551925914
2025,日本,アラブ首長国連邦,2119203598
2025,アラブ首長国連邦,日本,4909500911
2025,日本,香港,6410918397
2025,香港,日本,276037862
2025,日本,ドイツ,2730027421
2025,ドイツ,日本,3480613253
2025,日本,マレーシア,2117410761
2025,マレーシア,日本,2926217514
2025,日本,サウジアラビア,1065646765
2025,サウジアラビア,日本,3934875834
2025,日本,インドネシア,1885976261
2025,インドネシア,日本,3029128013
2025,日本,シンガポール,3187980080
2025,シンガポール,日本,1127791830
2025,日本,インド,2862399762
2025,インド,日本,1049293789
2025,日本,カナダ,1645010166
2025,カナダ,日本,1833496769
2025,日本,フィリピン,1557066664
2025,フィリピン,日本,1558765616
2025,日本,メキシコ,1803477011
2025,メキシコ,日本,1055916568
2025,日本,フランス,1007071432
2025,フランス,日本,1757722225
2025,日本,イタリア,714657160
2025,イタリア,日本,1974061205
2025,日本,オランダ,1825221130
2025,オランダ,日本,594296343
2025,日本,スイス,1108137340
2025,スイス,日本,1287147514
2025,日本,ブラジル,737122286
2025,ブラジル,日本,1355169900
2025,日本,チリ,259326078
2025,チリ,日本,1346914311
2025,日本,ベルギー,923596051
2025,ベルギー,日本,428725906
2025,日本,南アフリカ共和国,345743399
2025,南アフリカ共和国,日本,988006199
2025,日本,カタール,228807677
2025,カタール,日本,1080474808
2025,日本,アイルランド,198921367
2025,アイルランド,日本,1110008592
2025,日本,クウェート,338181055
2025,クウェート,日本,886262847
2025,日本,ロシア,366473511
2025,ロシア,日本,828081800
