Year,From,To,Value (thousand yen)
2021,Japan,China,17984372460
2021,China,Japan,20381814408
2021,Japan,United States of America,14831507172
2021,United States of America,Japan,8915629454
2021,Japan,Taiwan,5988083903
2021,Taiwan,Japan,3678193119
2021,Japan,South Korea,5769570652
2021,South Korea,Japan,3521261492
2021,Japan,Australia,1674531082
2021,Australia,Japan,5753335442
2021,Japan,Thailand,3624600370
2021,Thailand,Japan,2893123001
2021,Japan,Vietnam,2096808278
2021,Vietnam,Japan,2525535453
2021,Japan,United Arab Emirates,771682876
2021,United Arab Emirates,Japan,2977971081
2021,Japan,Hong Kong,3890409000
2021,Hong Kong,Japan,120201172
2021,Japan,Germany,2279052822
2021,Germany,Japan,2602954296
2021,Japan,Malaysia,1713690830
2021,Malaysia,Japan,2166397146
2021,Japan,Saudi Arabia,488938294
2021,Saudi Arabia,Japan,3019350982
2021,Japan,Indonesia,1465403083
2021,Indonesia,Japan,2156941495
2021,Japan,Singapore,2200638355
2021,Singapore,Japan,973713827
2021,Japan,India,1411066105
2021,India,Japan,674395271
2021,Japan,Canada,916910498
2021,Canada,Japan,1506506359
2021,Japan,Philippines,1219676231
2021,Philippines,Japan,1196764374
2021,Japan,Mexico,1189549875
2021,Mexico,Japan,634751338
2021,Japan,France,730915152
2021,France,Japan,1279235289
2021,Japan,Italy,549215410
2021,Italy,Japan,1280876715
2021,Japan,Netherlands,1381753705
2021,Netherlands,Japan,357762179
2021,Japan,Switzerland,483562239
2021,Switzerland,Japan,921541875
2021,Japan,Brazil,459618039
2021,Brazil,Japan,1082532993
2021,Japan,Chile,203078475
2021,Chile,Japan,854742809
2021,Japan,Belgium,789669752
2021,Belgium,Japan,700556473
2021,Japan,South Africa,259266584
2021,South Africa,Japan,1110878998
2021,Japan,Qatar,101143873
2021,Qatar,Japan,1276967083
2021,Japan,Ireland,110927101
2021,Ireland,Japan,747183898
2021,Japan,Kuwait,161847785
2021,Kuwait,Japan,727317907
2021,Japan,Russia,862299388
2021,Russia,Japan,1551642673
2022,Japan,China,19003740809
2022,China,Japan,24849747648
2022,Japan,United States of America,18255029623
2022,United States of America,Japan,11758919345
2022,Japan,Taiwan,6857450974
2022,Taiwan,Japan,5109420841
2022,Japan,South Korea,7106164634
2022,South Korea,Japan,4416702703
2022,Japan,Australia,2172669963
2022,Australia,Japan,11622476708
2022,Japan,Thailand,4268020696
2022,Thailand,Japan,3503441157
2022,Japan,Vietnam,2450960815
2022,Vietnam,Japan,3479418175
2022,Japan,United Arab Emirates,1115528891
2022,United Arab Emirates,Japan,6072322235
2022,Japan,Hong Kong,4357467944
2022,Hong Kong,Japan,134669020
2022,Japan,Germany,2570214910
2022,Germany,Japan,2993987531
2022,Japan,Malaysia,2166289268
2022,Malaysia,Japan,3431201678
2022,Japan,Saudi Arabia,667791836
2022,Saudi Arabia,Japan,5647162611
2022,Japan,Indonesia,1979146703
2022,Indonesia,Japan,3772006588
2022,Japan,Singapore,2934927985
2022,Singapore,Japan,1294945598
2022,Japan,India,1831444250
2022,India,Japan,852469731
2022,Japan,Canada,1131972276
2022,Canada,Japan,2175195788
2022,Japan,Philippines,1597465399
2022,Philippines,Japan,1428014806
2022,Japan,Mexico,1441228988
2022,Mexico,Japan,845497750
2022,Japan,France,839940969
2022,France,Japan,1339801276
2022,Japan,Italy,697820796
2022,Italy,Japan,1564858729
2022,Japan,Netherlands,1627204362
2022,Netherlands,Japan,451787886
2022,Japan,Switzerland,544741240
2022,Switzerland,Japan,1060597164
2022,Japan,Brazil,567386011
2022,Brazil,Japan,1460076024
2022,Japan,Chile,301029654
2022,Chile,Japan,997208425
2022,Japan,Belgium,919033454
2022,Belgium,Japan,922502958
2022,Japan,South Africa,308996954
2022,South Africa,Japan,1315184329
2022,Japan,Qatar,163994603
2022,Qatar,Japan,1780248124
2022,Japan,Ireland,326888227
2022,Ireland,Japan,863847564
2022,Japan,Kuwait,208216723
2022,Kuwait,Japan,1323086493
2022,Japan,Russia,603961482
2022,Russia,Japan,1971805002
2023,Japan,China,17763903812
2023,China,Japan,24424201780
2023,Japan,United States of America,20260168566
2023,United States of America,Japan,11555413633
2023,Japan,Taiwan,6016166322
2023,Taiwan,Japan,5000424768
2023,Japan,South Korea,6581861782
2023,South Korea,Japan,4361659247
2023,Japan,Australia,2355903899
2023,Australia,Japan,9097235598
2023,Japan,Thailand,4114663871
2023,Thailand,Japan,3609472419
2023,Japan,Vietnam,2417121778
2023,Vietnam,Japan,3626295628
2023,Japan,United Arab Emirates,1466149107
2023,United Arab Emirates,Japan,5192557238
2023,Japan,Hong Kong,4578605888
2023,Hong Kong,Japan,213750883
2023,Japan,Germany,2716854820
2023,Germany,Japan,3151976990
2023,Japan,Malaysia,1957911592
2023,Malaysia,Japan,2825977817
2023,Japan,Saudi Arabia,892422260
2023,Saudi Arabia,Japan,4872987864
2023,Japan,Indonesia,2025069768
2023,Indonesia,Japan,3415054030
2023,Japan,Singapore,2631230152
2023,Singapore,Japan,1208593487
2023,Japan,India,2235195761
2023,India,Japan,789258811
2023,Japan,Canada,1536586199
2023,Canada,Japan,2037988599
2023,Japan,Philippines,1423495471
2023,Philippines,Japan,1452275288
2023,Japan,Mexico,1839711933
2023,Mexico,Japan,799281155
2023,Japan,France,981482493
2023,France,Japan,1502006659
2023,Japan,Italy,851759729
2023,Italy,Japan,1727612697
2023,Japan,Netherlands,1887106307
2023,Netherlands,Japan,473614199
2023,Japan,Switzerland,749252568
2023,Switzerland,Japan,1187357445
2023,Japan,Brazil,595383044
2023,Brazil,Japan,1552088106
2023,Japan,Chile,286054081
2023,Chile,Japan,1084993320
2023,Japan,Belgium,897927507
2023,Belgium,Japan,514052203
2023,Japan,South Africa,352502030
2023,South Africa,Japan,1021810735
2023,Japan,Qatar,197237271
2023,Qatar,Japan,1289065401
2023,Japan,Ireland,246229522
2023,Ireland,Japan,934921416
2023,Japan,Kuwait,273312162
2023,Kuwait,Japan,1282018508
2023,Japan,Russia,395552230
2023,Russia,Japan,1033199138
2024,Japan,China,18862458206
2024,China,Japan,25313194657
2024,Japan,United States of America,21294777785
2024,United States of America,Japan,12685266218
2024,Japan,Taiwan,6867898328
2024,Taiwan,Japan,4623508597
2024,Japan,South Korea,7025292909
2024,South Korea,Japan,4761528859
2024,Japan,Australia,2418837869
2024,Australia,Japan,8015522710
2024,Japan,Thailand,4021900075
2024,Thailand,Japan,3738339691
2024,Japan,Vietnam,2585181715
2024,Vietnam,Japan,4053399764
2024,Japan,United Arab Emirates,1926258996
2024,United Arab Emirates,Japan,5577598253
2024,Japan,Hong Kong,5440209813
2024,Hong Kong,Japan,275920120
2024,Japan,Germany,2629902551
2024,Germany,Japan,3248860953
2024,Japan,Malaysia,2108518088
2024,Malaysia,Japan,2884780590
2024,Japan,Saudi Arabia,917769779
2024,Saudi Arabia,Japan,4516057309
2024,Japan,Indonesia,1965254821
2024,Indonesia,Japan,3541135587
2024,Japan,Singapore,3004935080
2024,Singapore,Japan,1157170872
2024,Japan,India,2604661814
2024,India,Japan,974097364
2024,Japan,Canada,1689383168
2024,Canada,Japan,1979029869
2024,Japan,Philippines,1510246172
2024,Philippines,Japan,1434958252
2024,Japan,Mexico,1858141277
2024,Mexico,Japan,895654818
2024,Japan,France,1002786568
2024,France,Japan,1702994908
2024,Japan,Italy,764733462
2024,Italy,Japan,1866029997
2024,Japan,Netherlands,1741979203
2024,Netherlands,Japan,559579122
2024,Japan,Switzerland,901251918
2024,Switzerland,Japan,1249324678
2024,Japan,Brazil,702402733
2024,Brazil,Japan,1481155990
2024,Japan,Chile,249741092
2024,Chile,Japan,1273237518
2024,Japan,Belgium,883006996
2024,Belgium,Japan,508150063
2024,Japan,South Africa,318245656
2024,South Africa,Japan,886074626
2024,Japan,Qatar,248171691
2024,Qatar,Japan,1076522983
2024,Japan,Ireland,230196908
2024,Ireland,Japan,896435759
2024,Japan,Kuwait,276047980
2024,Kuwait,Japan,1117774353
2024,Japan,Russia,327662267
2024,Russia,Japan,859994146
2025,Japan,China,18778014976
2025,China,Japan,26699859835
2025,Japan,United States of America,20374426230
2025,United States of America,Japan,12910220950
2025,Japan,Taiwan,7907014313
2025,Taiwan,Japan,5001712992
2025,Japan,South Korea,6958172331
2025,South Korea,Japan,4505405384
2025,Japan,Australia,2236568008
2025,Australia,Japan,6802049281
2025,Japan,Thailand,4215329254
2025,Thailand,Japan,3814133488
2025,Japan,Vietnam,2821529258
2025,Vietnam,Japan,4551925914
2025,Japan,United Arab Emirates,2119203598
2025,United Arab Emirates,Japan,4909500911
2025,Japan,Hong Kong,6410918397
2025,Hong Kong,Japan,276037862
2025,Japan,Germany,2730027421
2025,Germany,Japan,3480613253
2025,Japan,Malaysia,2117410761
2025,Malaysia,Japan,2926217514
2025,Japan,Saudi Arabia,1065646765
2025,Saudi Arabia,Japan,3934875834
2025,Japan,Indonesia,1885976261
2025,Indonesia,Japan,3029128013
2025,Japan,Singapore,3187980080
2025,Singapore,Japan,1127791830
2025,Japan,India,2862399762
2025,India,Japan,1049293789
2025,Japan,Canada,1645010166
2025,Canada,Japan,1833496769
2025,Japan,Philippines,1557066664
2025,Philippines,Japan,1558765616
2025,Japan,Mexico,1803477011
2025,Mexico,Japan,1055916568
2025,Japan,France,1007071432
2025,France,Japan,1757722225
2025,Japan,Italy,714657160
2025,Italy,Japan,1974061205
2025,Japan,Netherlands,1825221130
2025,Netherlands,Japan,594296343
2025,Japan,Switzerland,1108137340
2025,Switzerland,Japan,1287147514
2025,Japan,Brazil,737122286
2025,Brazil,Japan,1355169900
2025,Japan,Chile,259326078
2025,Chile,Japan,1346914311
2025,Japan,Belgium,923596051
2025,Belgium,Japan,428725906
2025,Japan,South Africa,345743399
2025,South Africa,Japan,988006199
2025,Japan,Qatar,228807677
2025,Qatar,Japan,1080474808
2025,Japan,Ireland,198921367
2025,Ireland,Japan,1110008592
2025,Japan,Kuwait,338181055
2025,Kuwait,Japan,886262847
2025,Japan,Russia,366473511
2025,Russia,Japan,828081800
